actual,prediction
12314.75,12186.822647607498
12208.07142857143,12349.187316275968
12322.148148148148,12237.87283582928
12311.40740740741,12345.839239087938
12182.478260869568,12325.379697207589
12241.40909090909,12216.349502553001
12224.655172413792,12279.428372407861
12279.448275862069,12259.290892665638
12351.51724137931,12307.736709238887
12296.310344827589,12363.85479871745
12235.586206896553,12309.58217127237
12377.48275862069,12263.192410626956
12667.137931034482,12390.367024434594
