actual,prediction
12314.75,11986.527760312787
12208.07142857143,12076.926324187889
12322.148148148148,12012.581027900293
12311.40740740741,12074.242544111179
12182.478260869568,12060.848983233638
12241.40909090909,12000.6989433874
12224.655172413792,12037.838767884776
12279.448275862069,12025.884536178037
12351.51724137931,12052.97427740399
12296.310344827589,12082.983738265943
12235.586206896553,12051.395000287328
12377.48275862069,12027.029305295184
12667.137931034482,12098.344294893086
